{"cameraMode":{"drawMode":0,"name":"Shaded","section":"Shading Mode"},"sceneLighting":false,"audioPlay":false,"sceneViewState":{"showFog":true,"showMaterialUpdate":false,"showSkybox":true,"showFlares":true,"showImageEffects":true,"showParticleSystems":true},"in2DMode":false,"pivot":{"x":335.93109130859377,"y":255.1839599609375,"z":-13.720947265625},"rotation":{"x":-0.02127084508538246,"y":0.059049420058727267,"z":-0.001258518430404365,"w":-0.9980283975601196},"size":931.4138793945313,"orthographic":false}