{"cameraMode":{"drawMode":0,"name":"Shaded","section":"Shading Mode"},"sceneLighting":false,"audioPlay":false,"sceneViewState":{"showFog":true,"showMaterialUpdate":false,"showSkybox":true,"showFlares":true,"showImageEffects":true,"showParticleSystems":true},"in2DMode":false,"pivot":{"x":276.878173828125,"y":233.58518981933595,"z":-12.489044189453125},"rotation":{"x":-0.14489489793777467,"y":0.0732438713312149,"z":-0.010756007395684719,"w":-0.9866740703582764},"size":997.8706665039063,"orthographic":false}